epoch,time,train/box_loss,train/pose_loss,train/kobj_loss,train/cls_loss,train/dfl_loss,metrics/precision(B),metrics/recall(B),metrics/mAP50(B),metrics/mAP50-95(B),metrics/precision(P),metrics/recall(P),metrics/mAP50(P),metrics/mAP50-95(P),val/box_loss,val/pose_loss,val/kobj_loss,val/cls_loss,val/dfl_loss,lr/pg0,lr/pg1,lr/pg2
1,2.09915,1.19298,3.25099,0.34226,2.73048,1.20213,0.01083,0.92857,0.15103,0.09046,0.00833,0.71429,0.12754,0.06819,0.75261,4.22727,0.40701,2.69172,1.00568,0,0,0
2,4.28017,1.00811,3.4938,0.34635,2.81232,1.19267,0.01083,0.92857,0.15353,0.09269,0.00833,0.71429,0.11971,0.06091,0.75162,4.21148,0.40948,2.69264,1.00178,1.9802e-05,1.9802e-05,1.9802e-05
3,6.38358,1.00394,3.94345,0.43335,2.80376,1.15807,0.01083,0.92857,0.16156,0.10466,0.00833,0.71429,0.12472,0.06335,0.74699,4.18553,0.4117,2.69507,0.99595,3.9208e-05,3.9208e-05,3.9208e-05
4,8.41274,0.83603,1.60904,0.38789,2.94893,1.28228,0.01083,0.92857,0.1697,0.10552,0.00833,0.71429,0.13625,0.06424,0.72967,4.10425,0.4146,2.68609,0.99087,5.8218e-05,5.8218e-05,5.8218e-05
5,10.5579,0.78369,2.48936,0.31772,2.64461,1.21617,0.01083,0.92857,0.18849,0.12906,0.00917,0.78571,0.14922,0.06811,0.71911,4.15798,0.41645,2.68422,0.99684,7.6832e-05,7.6832e-05,7.6832e-05
6,12.6507,0.94101,3.20115,0.3036,2.77562,1.17083,0.01083,0.92857,0.1889,0.1347,0.00917,0.78571,0.14518,0.05707,0.74801,4.21976,0.41616,2.68517,1.00638,9.505e-05,9.505e-05,9.505e-05
7,14.7836,1.0285,2.92802,0.37055,2.81749,1.10187,0.01083,0.92857,0.20469,0.14485,0.00917,0.78571,0.15495,0.05985,0.7851,4.34626,0.40603,2.68792,1.03042,0.000112872,0.000112872,0.000112872
8,16.7628,0.90984,2.52374,0.38854,2.72749,1.16617,0.01083,0.92857,0.2253,0.15557,0.00917,0.78571,0.13458,0.04877,0.81417,4.61189,0.40583,2.70135,1.05125,0.000130298,0.000130298,0.000130298
9,18.6766,0.74821,2.19529,0.33301,2.51108,1.0713,0.01083,0.92857,0.23596,0.17013,0.0075,0.64286,0.14074,0.05275,0.81533,4.77528,0.39203,2.70197,1.06266,0.000147328,0.000147328,0.000147328
10,20.6412,0.91695,3.00068,0.44759,2.57942,1.07592,0.01083,0.92857,0.24667,0.17366,0.00583,0.5,0.15448,0.0504,0.90801,4.98189,0.39672,2.71544,1.10804,0.000163962,0.000163962,0.000163962
11,22.6592,0.98738,1.83909,0.34862,2.60793,1.08167,0.01083,0.92857,0.27631,0.19671,0.00667,0.57143,0.16517,0.04828,0.92791,5.1112,0.39546,2.76169,1.13431,0.0001802,0.0001802,0.0001802
12,24.5993,0.90057,2.46614,0.23519,2.61266,1.09956,0.01,0.85714,0.31453,0.22896,0.00667,0.57143,0.18084,0.05319,0.95733,5.2093,0.40663,2.78514,1.16247,0.000196042,0.000196042,0.000196042
13,26.5834,0.76068,2.778,0.27817,2.58627,1.02448,0.01083,0.92857,0.3301,0.22834,0.00667,0.57143,0.21995,0.06004,1.01304,5.35853,0.41441,2.78392,1.20029,0.000211488,0.000211488,0.000211488
14,28.6703,0.61219,1.64803,0.24949,2.23737,0.91893,0.01,0.85714,0.35228,0.23796,0.00833,0.71429,0.22383,0.07382,1.04193,5.35396,0.42009,2.8112,1.20614,0.000226538,0.000226538,0.000226538
15,30.6854,0.80883,2.44967,0.24158,2.23977,1.03652,0.01083,0.92857,0.37374,0.23188,0.00667,0.57143,0.18899,0.06727,1.07171,5.46835,0.4341,2.8157,1.22328,0.000241192,0.000241192,0.000241192
16,32.6654,1.13052,4.11141,0.38155,2.54905,1.46603,0.01083,0.92857,0.4046,0.23054,0.005,0.42857,0.19998,0.0686,1.0938,5.69872,0.45307,2.80788,1.23929,0.00025545,0.00025545,0.00025545
17,34.7882,0.90227,2.87762,0.26469,2.38529,1.30787,0.01,0.85714,0.44124,0.24282,0.005,0.42857,0.1817,0.06548,1.10415,5.79982,0.47251,2.81921,1.24322,0.000269312,0.000269312,0.000269312
18,36.7429,0.99926,4.86935,0.2653,2.41596,1.1351,0.01,0.85714,0.44124,0.24282,0.005,0.42857,0.1817,0.06548,1.10415,5.79982,0.47251,2.81921,1.24322,0.000282778,0.000282778,0.000282778
19,38.801,1.00818,3.27545,0.32202,2.31143,1.12741,0.01083,0.92857,0.49043,0.28935,0.00583,0.5,0.26367,0.07901,1.15044,5.96688,0.51068,2.82834,1.24879,0.000295848,0.000295848,0.000295848
20,40.8575,0.87179,2.37383,0.32812,2.00301,0.9429,0.01083,0.92857,0.49043,0.28935,0.00583,0.5,0.26367,0.07901,1.15044,5.96688,0.51068,2.82834,1.24879,0.000308522,0.000308522,0.000308522
21,42.8859,0.85824,2.97599,0.33933,2.50732,1.2207,0.01167,1,0.53678,0.32959,0.00583,0.5,0.33349,0.08434,1.18689,6.17955,0.54942,2.8388,1.27555,0.0003208,0.0003208,0.0003208
22,44.9476,0.91072,3.51696,0.41601,1.98401,1.01244,0.01167,1,0.53678,0.32959,0.00583,0.5,0.33349,0.08434,1.18689,6.17955,0.54942,2.8388,1.27555,0.000332682,0.000332682,0.000332682
23,47.0558,1.18182,3.09357,0.38838,2.37221,1.10947,0.01083,0.92857,0.57503,0.37841,0.005,0.42857,0.29887,0.06356,1.2099,6.44379,0.54706,2.79031,1.2826,0.000344168,0.000344168,0.000344168
24,49.1009,0.93265,1.96174,0.30103,1.928,0.98177,0.01083,0.92857,0.57503,0.37841,0.005,0.42857,0.29887,0.06356,1.2099,6.44379,0.54706,2.79031,1.2826,0.000355258,0.000355258,0.000355258
25,51.2296,0.97393,3.23935,0.32199,2.11687,1.05301,0.01,0.85714,0.54831,0.3765,0.00417,0.35714,0.10076,0.04634,1.20185,6.64276,0.55017,2.79403,1.31716,0.000365952,0.000365952,0.000365952
26,53.2711,0.91419,2.72458,0.30488,1.9024,1.04124,0.01,0.85714,0.54831,0.3765,0.00417,0.35714,0.10076,0.04634,1.20185,6.64276,0.55017,2.79403,1.31716,0.00037625,0.00037625,0.00037625
27,55.4765,0.75062,2.36209,0.29116,1.86333,0.9519,0.01,0.85714,0.49562,0.32607,0.005,0.42857,0.10586,0.049,1.26435,6.84528,0.54666,2.81338,1.37774,0.000386152,0.000386152,0.000386152
28,57.5883,0.77543,2.285,0.33931,1.84823,1.0276,0.01,0.85714,0.49562,0.32607,0.005,0.42857,0.10586,0.049,1.26435,6.84528,0.54666,2.81338,1.37774,0.000395658,0.000395658,0.000395658
29,59.6865,1.09699,1.95083,0.41507,1.90053,0.98483,0.01083,0.92857,0.53662,0.35433,0.00333,0.28571,0.14353,0.05693,1.35733,7.04964,0.52654,2.84792,1.47097,0.000404768,0.000404768,0.000404768
30,61.5926,0.8034,2.35036,0.27387,1.69194,0.96817,0.01083,0.92857,0.53662,0.35433,0.00333,0.28571,0.14353,0.05693,1.35733,7.04964,0.52654,2.84792,1.47097,0.000413482,0.000413482,0.000413482
31,63.6162,1.0991,2.80929,0.31989,1.97736,1.19029,0.01,0.85714,0.50575,0.34256,0.00417,0.35714,0.12198,0.04335,1.40813,7.22403,0.51685,2.86384,1.49841,0.0004218,0.0004218,0.0004218
32,65.599,1.24023,4.00315,0.36083,1.8235,1.04073,0.01,0.85714,0.50575,0.34256,0.00417,0.35714,0.12198,0.04335,1.40813,7.22403,0.51685,2.86384,1.49841,0.000429722,0.000429722,0.000429722
33,67.7027,1.00101,2.45771,0.29019,1.77934,1.0238,0.01,0.85714,0.51688,0.32407,0.00333,0.28571,0.14877,0.05381,1.397,7.215,0.50567,2.84408,1.5131,0.000437248,0.000437248,0.000437248
34,69.8189,1.14525,3.6164,0.36111,1.81571,1.13253,0.01,0.85714,0.51688,0.32407,0.00333,0.28571,0.14877,0.05381,1.397,7.215,0.50567,2.84408,1.5131,0.000444378,0.000444378,0.000444378
35,71.9122,1.01851,3.23609,0.29354,1.77697,1.07604,0.01,0.85714,0.5219,0.32494,0.00333,0.28571,0.15386,0.05451,1.48545,7.27399,0.5092,2.80475,1.6382,0.000451112,0.000451112,0.000451112
36,74.0208,0.9253,2.95136,0.32447,1.6009,1.04428,0.01,0.85714,0.5219,0.32494,0.00333,0.28571,0.15386,0.05451,1.48545,7.27399,0.5092,2.80475,1.6382,0.00045745,0.00045745,0.00045745
37,76.0893,1.3697,4.03355,0.44822,1.95719,1.35253,0.01083,0.92857,0.5004,0.29876,0.00333,0.28571,0.15436,0.06197,1.50709,7.35311,0.53023,2.80743,1.71784,0.000463392,0.000463392,0.000463392
38,78.3743,0.69623,3.10889,0.35697,1.53878,0.9787,0.01083,0.92857,0.5004,0.29876,0.00333,0.28571,0.15436,0.06197,1.50709,7.35311,0.53023,2.80743,1.71784,0.000468938,0.000468938,0.000468938
39,80.431,0.81571,3.06278,0.21207,1.8717,1.09204,0.01,0.85714,0.55991,0.349,0.00333,0.28571,0.15528,0.06179,1.51174,7.32518,0.54384,2.80259,1.73432,0.000474088,0.000474088,0.000474088
40,82.4405,1.14431,2.98866,0.31722,1.54767,1.05047,0.01,0.85714,0.55991,0.349,0.00333,0.28571,0.15528,0.06179,1.51174,7.32518,0.54384,2.80259,1.73432,0.000478842,0.000478842,0.000478842
41,84.6144,0.89322,3.44492,0.29112,1.59991,1.0362,0.01,0.85714,0.58087,0.36361,0.00417,0.35714,0.1797,0.06223,1.49609,7.29502,0.57777,2.81045,1.71785,0.0004832,0.0004832,0.0004832
42,86.6708,1.20817,3.79082,0.29366,1.84778,1.38115,0.01,0.85714,0.58087,0.36361,0.00417,0.35714,0.1797,0.06223,1.49609,7.29502,0.57777,2.81045,1.71785,0.000487162,0.000487162,0.000487162
43,88.7716,1.09629,3.63323,0.36558,1.49175,1.1431,0.00917,0.78571,0.61302,0.32128,0.00417,0.35714,0.20355,0.03555,1.53663,7.14635,0.58101,2.86493,1.80549,0.000490728,0.000490728,0.000490728
44,90.7811,1.26998,5.18473,0.34353,2.12475,1.30702,0.00917,0.78571,0.61302,0.32128,0.00417,0.35714,0.20355,0.03555,1.53663,7.14635,0.58101,2.86493,1.80549,0.000493898,0.000493898,0.000493898
45,92.8457,0.79568,1.98123,0.27101,1.45445,1.07124,0.00917,0.78571,0.59723,0.31236,0.00417,0.35714,0.16834,0.03298,1.59369,7.19542,0.59633,2.88,1.77181,0.000496672,0.000496672,0.000496672
46,94.8291,0.88457,2.79918,0.32095,1.38303,1.10905,0.00917,0.78571,0.59723,0.31236,0.00417,0.35714,0.16834,0.03298,1.59369,7.19542,0.59633,2.88,1.77181,0.00049905,0.00049905,0.00049905
47,96.8603,0.95745,3.50706,0.27712,1.37427,1.0229,0.01,0.85714,0.50784,0.29772,0.00333,0.28571,0.15356,0.06233,1.59853,7.29676,0.6143,2.87763,1.71621,0.000501032,0.000501032,0.000501032
48,98.9708,0.96165,3.49268,0.30792,1.32484,1.06194,0.01,0.85714,0.50784,0.29772,0.00333,0.28571,0.15356,0.06233,1.59853,7.29676,0.6143,2.87763,1.71621,0.000502618,0.000502618,0.000502618
49,101.091,0.64993,2.65054,0.29307,1.3423,0.95324,0.01083,0.92857,0.42047,0.21847,0.00417,0.35714,0.1557,0.06818,1.72723,7.41923,0.60475,2.87942,1.84065,0.000503808,0.000503808,0.000503808
50,103.09,0.93807,4.45267,0.26422,1.48583,1.11697,0.01083,0.92857,0.42047,0.21847,0.00417,0.35714,0.1557,0.06818,1.72723,7.41923,0.60475,2.87942,1.84065,0.000504602,0.000504602,0.000504602
51,105.137,0.95701,2.60353,0.31603,1.21198,1.01851,0.01,0.85714,0.37638,0.19582,0.00417,0.35714,0.15605,0.08942,1.68858,7.71818,0.64178,2.90047,1.80386,0.000505,0.000505,0.000505
52,107.134,0.72277,2.95904,0.33808,1.27725,0.98175,0.01,0.85714,0.37638,0.19582,0.00417,0.35714,0.15605,0.08942,1.68858,7.71818,0.64178,2.90047,1.80386,0.000505002,0.000505002,0.000505002
53,109.134,0.92533,3.69498,0.25964,1.41578,1.1385,0.01,0.85714,0.37638,0.19582,0.00417,0.35714,0.15605,0.08942,1.68858,7.71818,0.64178,2.90047,1.80386,0.000504608,0.000504608,0.000504608
54,111.164,0.7591,2.464,0.30133,1.37639,1.02386,0.01,0.85714,0.36734,0.16943,0.00417,0.35714,0.15145,0.08193,1.7563,7.66315,0.6594,2.90102,1.85674,0.000503818,0.000503818,0.000503818
55,113.348,1.05501,2.89243,0.31158,1.29137,1.1471,0.01,0.85714,0.36734,0.16943,0.00417,0.35714,0.15145,0.08193,1.7563,7.66315,0.6594,2.90102,1.85674,0.000502632,0.000502632,0.000502632
56,115.391,0.90386,3.85455,0.40039,1.50171,0.98679,0.01,0.85714,0.36734,0.16943,0.00417,0.35714,0.15145,0.08193,1.7563,7.66315,0.6594,2.90102,1.85674,0.00050105,0.00050105,0.00050105
57,117.559,0.87642,2.72363,0.31623,1.155,0.93284,0.00917,0.78571,0.29155,0.13181,0.00417,0.35714,0.15739,0.07671,1.78348,7.58376,0.65874,2.91224,1.84398,0.000499072,0.000499072,0.000499072
58,119.561,0.92507,3.43294,0.35175,1.31556,1.08068,0.00917,0.78571,0.29155,0.13181,0.00417,0.35714,0.15739,0.07671,1.78348,7.58376,0.65874,2.91224,1.84398,0.000496698,0.000496698,0.000496698
59,121.543,0.95563,2.86476,0.30251,1.51688,1.08215,0.00917,0.78571,0.29155,0.13181,0.00417,0.35714,0.15739,0.07671,1.78348,7.58376,0.65874,2.91224,1.84398,0.000493928,0.000493928,0.000493928
60,123.625,1.48021,4.04994,0.27103,1.78635,1.61713,0.01,0.85714,0.41548,0.17156,0.00417,0.35714,0.16218,0.06678,1.8822,7.60689,0.62842,2.92307,1.95998,0.000490762,0.000490762,0.000490762
61,125.668,0.92758,2.59274,0.30903,1.24258,1.08069,0.01,0.85714,0.41548,0.17156,0.00417,0.35714,0.16218,0.06678,1.8822,7.60689,0.62842,2.92307,1.95998,0.0004872,0.0004872,0.0004872
62,127.74,0.80292,2.61287,0.38917,1.21307,1.0486,0.01,0.85714,0.41548,0.17156,0.00417,0.35714,0.16218,0.06678,1.8822,7.60689,0.62842,2.92307,1.95998,0.000483242,0.000483242,0.000483242
63,129.774,1.12551,3.83002,0.42418,1.52407,1.20435,0.00917,0.78571,0.39404,0.1661,0.005,0.42857,0.16591,0.05929,1.94131,7.63295,0.62805,2.96649,2.06069,0.000478888,0.000478888,0.000478888
64,131.826,0.82785,2.84812,0.34676,1.05546,1.0434,0.00917,0.78571,0.39404,0.1661,0.005,0.42857,0.16591,0.05929,1.94131,7.63295,0.62805,2.96649,2.06069,0.000474138,0.000474138,0.000474138
65,133.846,0.99148,3.35364,0.37186,1.22463,0.99091,0.00917,0.78571,0.39404,0.1661,0.005,0.42857,0.16591,0.05929,1.94131,7.63295,0.62805,2.96649,2.06069,0.000468992,0.000468992,0.000468992
66,135.98,0.88519,3.37499,0.31684,1.14834,0.99332,0.00917,0.78571,0.38776,0.1636,0.00417,0.35714,0.16634,0.04657,1.85838,7.69017,0.59957,2.92975,2.03449,0.00046345,0.00046345,0.00046345
67,138.071,0.80106,2.55348,0.26929,1.09502,0.9918,0.00917,0.78571,0.38776,0.1636,0.00417,0.35714,0.16634,0.04657,1.85838,7.69017,0.59957,2.92975,2.03449,0.000457512,0.000457512,0.000457512
68,140.083,0.61558,2.46815,0.34471,1.14182,0.94102,0.00917,0.78571,0.38776,0.1636,0.00417,0.35714,0.16634,0.04657,1.85838,7.69017,0.59957,2.92975,2.03449,0.000451178,0.000451178,0.000451178
69,142.283,0.92404,2.94271,0.29982,1.22383,1.15716,0.01083,0.92857,0.40389,0.19908,0.00417,0.35714,0.15995,0.04679,1.84643,7.77685,0.5596,2.91984,2.06747,0.000444448,0.000444448,0.000444448
70,144.321,1.06365,3.89883,0.37467,1.66858,1.14114,0.01083,0.92857,0.40389,0.19908,0.00417,0.35714,0.15995,0.04679,1.84643,7.77685,0.5596,2.91984,2.06747,0.000437322,0.000437322,0.000437322
71,146.304,0.99613,4.38443,0.40432,1.43953,1.09395,0.01083,0.92857,0.40389,0.19908,0.00417,0.35714,0.15995,0.04679,1.84643,7.77685,0.5596,2.91984,2.06747,0.0004298,0.0004298,0.0004298
72,148.389,0.96675,3.06751,0.35537,1.21995,1.02813,0.01083,0.92857,0.3963,0.20914,0.00417,0.35714,0.16027,0.04703,1.80838,7.8591,0.5202,2.92753,2.01988,0.000421882,0.000421882,0.000421882
73,150.393,0.78347,3.86752,0.24697,1.25667,1.07225,0.01083,0.92857,0.3963,0.20914,0.00417,0.35714,0.16027,0.04703,1.80838,7.8591,0.5202,2.92753,2.01988,0.000413568,0.000413568,0.000413568
74,152.511,0.72748,3.22484,0.37204,1.25852,1.02656,0.01083,0.92857,0.3963,0.20914,0.00417,0.35714,0.16027,0.04703,1.80838,7.8591,0.5202,2.92753,2.01988,0.000404858,0.000404858,0.000404858
75,154.708,0.94224,2.31007,0.19767,1.5898,1.21247,0.01049,0.85714,0.42399,0.21359,0.00437,0.35714,0.15972,0.06107,1.82423,7.92533,0.49658,2.85812,2.02175,0.000395752,0.000395752,0.000395752
76,156.642,0.76434,2.60586,0.30756,1.1688,0.9991,0.01049,0.85714,0.42399,0.21359,0.00437,0.35714,0.15972,0.06107,1.82423,7.92533,0.49658,2.85812,2.02175,0.00038625,0.00038625,0.00038625
77,158.673,0.63535,2.31107,0.34837,1.18128,0.97844,0.01049,0.85714,0.42399,0.21359,0.00437,0.35714,0.15972,0.06107,1.82423,7.92533,0.49658,2.85812,2.02175,0.000376352,0.000376352,0.000376352
78,160.728,0.72991,3.46021,0.31226,1.15845,1.00428,0.01563,0.64286,0.47603,0.24926,0.00868,0.35714,0.161,0.06782,1.85452,8.04693,0.50664,2.83346,2.00054,0.000366058,0.000366058,0.000366058
79,162.734,1.1437,3.70863,0.25755,1.36502,1.17716,0.01563,0.64286,0.47603,0.24926,0.00868,0.35714,0.161,0.06782,1.85452,8.04693,0.50664,2.83346,2.00054,0.000355368,0.000355368,0.000355368
80,164.748,0.82643,2.05094,0.26328,1.13152,0.98772,0.01563,0.64286,0.47603,0.24926,0.00868,0.35714,0.161,0.06782,1.85452,8.04693,0.50664,2.83346,2.00054,0.000344282,0.000344282,0.000344282
81,166.828,0.844,2.01489,0.36484,1.1302,1.12776,0.30157,0.57143,0.5289,0.24399,0.11309,0.21429,0.15406,0.07418,1.85537,8.07426,0.51094,2.86728,1.97525,0.0003328,0.0003328,0.0003328
82,169.053,0.79923,1.44873,0.23853,1.12418,1.02358,0.30157,0.57143,0.5289,0.24399,0.11309,0.21429,0.15406,0.07418,1.85537,8.07426,0.51094,2.86728,1.97525,0.000320922,0.000320922,0.000320922
83,171.14,0.69992,2.37511,0.24839,1.34466,0.95718,0.30157,0.57143,0.5289,0.24399,0.11309,0.21429,0.15406,0.07418,1.85537,8.07426,0.51094,2.86728,1.97525,0.000308648,0.000308648,0.000308648
84,173.305,0.8711,2.39112,0.27612,1.22298,1.14189,1,0.21307,0.62013,0.25366,0.67233,0.14286,0.16507,0.07555,1.86927,8.01065,0.50213,2.85475,2.00659,0.000295978,0.000295978,0.000295978
85,175.403,0.79121,2.65959,0.28057,1.08108,1.04199,1,0.21307,0.62013,0.25366,0.67233,0.14286,0.16507,0.07555,1.86927,8.01065,0.50213,2.85475,2.00659,0.000282912,0.000282912,0.000282912
86,177.514,0.88921,3.25991,0.27173,1.37777,1.1961,1,0.21307,0.62013,0.25366,0.67233,0.14286,0.16507,0.07555,1.86927,8.01065,0.50213,2.85475,2.00659,0.00026945,0.00026945,0.00026945
87,179.674,0.69526,2.58487,0.26048,1.10964,1.02017,1,0.21307,0.62013,0.25366,0.67233,0.14286,0.16507,0.07555,1.86927,8.01065,0.50213,2.85475,2.00659,0.000255592,0.000255592,0.000255592
88,181.81,0.74612,2.02646,0.37014,0.96665,0.93969,1,0.15145,0.59259,0.2332,0.98409,0.14286,0.17303,0.08174,1.86989,8.10912,0.50594,2.85213,2.00194,0.000241338,0.000241338,0.000241338
89,184.109,0.74711,2.45376,0.28389,1.17942,1.02892,1,0.15145,0.59259,0.2332,0.98409,0.14286,0.17303,0.08174,1.86989,8.10912,0.50594,2.85213,2.00194,0.000226688,0.000226688,0.000226688
90,186.098,0.59329,1.63323,0.29258,0.91947,0.89098,1,0.15145,0.59259,0.2332,0.98409,0.14286,0.17303,0.08174,1.86989,8.10912,0.50594,2.85213,2.00194,0.000211642,0.000211642,0.000211642
91,188.107,0.87033,1.71291,0.28294,1.40031,0.84964,1,0.15145,0.59259,0.2332,0.98409,0.14286,0.17303,0.08174,1.86989,8.10912,0.50594,2.85213,2.00194,0.0001962,0.0001962,0.0001962
92,190.269,0.47714,1.45666,0.24154,1.28993,0.80222,1,0.17651,0.59628,0.23919,0.96947,0.14286,0.15553,0.08099,1.8744,8.2499,0.51149,2.8206,1.99755,0.000180362,0.000180362,0.000180362
93,192.425,0.69736,1.4206,0.26893,1.24421,0.92773,1,0.17651,0.59628,0.23919,0.96947,0.14286,0.15553,0.08099,1.8744,8.2499,0.51149,2.8206,1.99755,0.000164128,0.000164128,0.000164128
94,194.484,0.89785,1.43927,0.21809,1.56681,1.01985,1,0.17651,0.59628,0.23919,0.96947,0.14286,0.15553,0.08099,1.8744,8.2499,0.51149,2.8206,1.99755,0.000147498,0.000147498,0.000147498
95,196.512,0.77125,1.46656,0.30873,1.24934,1.02558,1,0.17651,0.59628,0.23919,0.96947,0.14286,0.15553,0.08099,1.8744,8.2499,0.51149,2.8206,1.99755,0.000130472,0.000130472,0.000130472
96,198.792,0.63084,1.48032,0.26214,1.16507,0.98025,1,0.20245,0.60639,0.24166,0.91422,0.14286,0.15598,0.08108,1.88745,8.33531,0.52069,2.77298,2.00304,0.00011305,0.00011305,0.00011305
97,200.917,0.63295,1.07931,0.24041,1.25199,0.85536,1,0.20245,0.60639,0.24166,0.91422,0.14286,0.15598,0.08108,1.88745,8.33531,0.52069,2.77298,2.00304,9.5232e-05,9.5232e-05,9.5232e-05
98,202.976,0.73617,1.13034,0.25544,1.29073,1.06747,1,0.20245,0.60639,0.24166,0.91422,0.14286,0.15598,0.08108,1.88745,8.33531,0.52069,2.77298,2.00304,7.7018e-05,7.7018e-05,7.7018e-05
99,205.045,0.53068,1.22857,0.26911,1.14604,0.79527,1,0.20245,0.60639,0.24166,0.91422,0.14286,0.15598,0.08108,1.88745,8.33531,0.52069,2.77298,2.00304,5.8408e-05,5.8408e-05,5.8408e-05
100,207.188,0.48576,0.96924,0.22313,1.07231,0.80024,0.93952,0.21429,0.57029,0.24077,0.87761,0.14286,0.15648,0.08258,1.90026,8.33196,0.51692,2.71963,2.0317,3.9402e-05,3.9402e-05,3.9402e-05
